{
  "name": "fs-admin",
  "proxy": "http://127.0.0.1:5000",
  "version": "0.1.0",
  "private": true,
  "dependencies": {
    "@testing-library/jest-dom": "^5.14.1",
    "@testing-library/react": "^11.2.7",
    "@testing-library/user-event": "^12.8.3",
    "axios": "^0.24.0",
    "node-sass": "^6.0.1",
    "prop-types": "^15.7.2",
    "ra-data-json-server": "^3.19.1",
    "react": "^17.0.2",
    "react-admin": "^3.19.1",
    "react-dom": "^17.0.2",
    "react-icons": "^4.3.1",
    "react-redux": "^7.2.6",
    "react-router-dom": "^6.0.2",
    "react-scripts": "4.0.3",
    "redux": "^4.1.2",
    "redux-thunk": "^2.4.0",
    "web-vitals": "^1.1.2"
  },
  "scripts": {
    "start": "react-scripts start",
    "build": "react-scripts build",
    "test": "react-scripts test",
    "eject": "react-scripts eject"
  },
  "eslintConfig": {
    "extends": [
      "react-app",
      "react-app/jest"
    ]
  },
  "browserslist": {
    "production": [
      ">0.2%",
      "not dead",
      "not op_mini all"
    ],
    "development": [
      "last 1 chrome version",
      "last 1 firefox version",
      "last 1 safari version"
    ]
  },
  "devDependencies": {
    "@babel/preset-typescript": "^7.16.0"
  }
}
